Site,Month,Treatment,Ret_Time,NH4-N,NO3N,DON
MSM,August,Rain,24,0.421428571,0.581428571,0.32
Ag,August,Rain,24,-0.325,0.24125,0.90125
MSM,September,Rain,24,-0.081428571,2.095714286,0.738571429
Ag,September,Rain,24,0.08375,2.01125,0.54875
MSM,October,Rain,24,0.047142857,0.97,0.404285714
Ag,October,Rain,24,-0.09375,0.1825,0.5675
MSM,November,Rain,24,-0.154285714,0.88,0
Ag,November,Rain,24,-0.2975,0.39875,0
MSM,December,Rain,24,-0.16,0.378571429,0
Ag,December,Rain,24,-0.03375,0.2975,0
MSM,January,Rain,24,0.375,0.546666667,0
Ag,January,Rain,24,0.03,0.102857143,0.05
MSM,August,Rain,72,1.105714286,0.374285714,1.041428571
Ag,August,Rain,72,-0.485,0.44875,0.8675
MSM,September,Rain,72,-0.017142857,0.941428571,0.995714286
Ag,September,Rain,72,-0.08375,1.58125,1.7925
MSM,October,Rain,72,-0.415714286,2.705714286,0.852857143
Ag,October,Rain,72,-0.24625,1.1275,0.90125
MSM,November,Rain,72,-0.504285714,2.968571429,0.037142857
Ag,November,Rain,72,-0.46375,1.47875,0.05
MSM,December,Rain,72,-0.15,0.971428571,0.05
Ag,December,Rain,72,-0.09,0.635,0.05
MSM,January,Rain,72,1.248333333,0.608333333,0.05
Ag,January,Rain,72,-0.037142857,0.244285714,0.05
