ROW,Site,Sample Date,PLOT,Ret_Time,REP,NH4-N Start,NO3-N Start,TKN,NH3N_24,NH3N_72,NO3N_24,NO3N_72,ON_24,ON_72
1,MSM,August,1,24,CONROL OR RAIN???,,,0.57,0.25,,0.49,,0.32,
2,MSM,August,2,24,CONROL OR RAIN???,,,0.23,0.04,,3.65,,0.19,
3,MSM,August,3,24,CONROL OR RAIN???,,,0.98,0.66,,0.31,,0.32,
4,MSM,August,4,24,CONROL OR RAIN???,,,0.84,0.75,,0.18,,0.1,
5,MSM,August,5,24,CONROL OR RAIN???,,,1.29,1.26,,0.13,,0.03,
6,MSM,August,6,24,CONROL OR RAIN???,,,1.83,1.55,,0.2,,0.28,
7,MSM,August,7,24,CONROL OR RAIN???,,,1.36,0.18,,0.19,,1.18,
8,MSM,August,8,24,CONROL OR RAIN???,,,NA,NA,,NA,,NA,
9,MSM,August,9,24,CONROL OR RAIN???,,,1.17,0.3,,0.18,,0.87,
10,MSM,August,10,24,CONROL OR RAIN???,,,0.79,0.03,,0.59,,0.76,
11,MSM,August,11,24,CONROL OR RAIN???,,,1.03,0.47,,0.3,,0.56,
12,MSM,August,12,24,CONROL OR RAIN???,,,2.02,0.64,,0.27,,1.38,
13,MSM,August,1,72,CONROL OR RAIN???,,,2.03,0.87,,0.06,,1.16,
14,MSM,August,2,72,CONROL OR RAIN???,,,0.9,0.24,,2.91,,0.65,
15,MSM,August,3,72,CONROL OR RAIN???,,,1.92,1.29,,0.41,,0.63,
16,MSM,August,4,72,CONROL OR RAIN???,,,2.83,1.6,,0.07,,1.23,
17,MSM,August,5,72,CONROL OR RAIN???,,,3.57,2.49,,0.02,,1.08,
18,MSM,August,6,72,CONROL OR RAIN???,,,3.96,2.78,,0.1,,1.18,
19,MSM,August,7,72,CONROL OR RAIN???,,,2.03,0.69,,0.2,,1.35,
20,MSM,August,8,72,CONROL OR RAIN???,,,NA,NA,,NA,,NA,
21,MSM,August,9,72,CONROL OR RAIN???,,,1.93,0.61,,0.33,,1.32,
22,MSM,August,10,72,CONROL OR RAIN???,,,1.19,0.11,,0.62,,1.09,
23,MSM,August,11,72,CONROL OR RAIN???,,,1.95,1.05,,0.31,,0.9,
24,MSM,August,12,72,CONROL OR RAIN???,,,3.21,2.18,,0.06,,1.03,
25,AG,August,1,24,CONROL OR RAIN???,,,1.35,0.51,,0.39,,0.85,
26,AG,August,2,24,CONROL OR RAIN???,,,0.7,0.17,,1.8,,0.53,
27,AG,August,3,24,CONROL OR RAIN???,,,0.97,0.18,,0.17,,0.78,
28,AG,August,4,24,CONROL OR RAIN???,,,0.71,0.18,,0.12,,0.53,
29,AG,August,5,24,CONROL OR RAIN???,,,1.08,0.26,,0.64,,0.82,
30,AG,August,6,24,CONROL OR RAIN???,,,0.91,0.29,,0.42,,0.62,
31,AG,August,7,24,CONROL OR RAIN???,,,0.86,0.33,,0.4,,0.53,
32,AG,August,8,24,CONROL OR RAIN???,,,1.9,0.27,,0.43,,1.63,
33,AG,August,9,24,CONROL OR RAIN???,,,1.52,0.18,,0.77,,1.33,
34,AG,August,10,24,CONROL OR RAIN???,,,0.85,0.26,,0.47,,0.59,
35,AG,August,11,24,CONROL OR RAIN???,,,1.03,0.29,,0.37,,0.74,
36,AG,August,12,24,CONROL OR RAIN???,,,1.74,0.31,,0.41,,1.43,
37,AG,August,1,72,CONROL OR RAIN???,,,1.02,0.26,,0.63,,0.76,
38,AG,August,2,72,CONROL OR RAIN???,,,1.27,0.18,,2.27,,1.09,
39,AG,August,3,72,CONROL OR RAIN???,,,1,0.19,,0.32,,0.82,
40,AG,August,4,72,CONROL OR RAIN???,,,0.88,0.17,,0.29,,0.71,
41,AG,August,5,72,CONROL OR RAIN???,,,0.91,0.09,,0.8,,0.83,
42,AG,August,6,72,CONROL OR RAIN???,,,0.93,0.11,,0.64,,0.82,
43,AG,August,7,72,CONROL OR RAIN???,,,0.83,0.2,,0.6,,0.64,
44,AG,August,8,72,CONROL OR RAIN???,,,1.09,0.15,,0.67,,0.94,
45,AG,August,9,72,CONROL OR RAIN???,,,0.86,0.23,,0.82,,0.63,
46,AG,August,10,72,CONROL OR RAIN???,,,0.98,0.09,,0.7,,0.89,
47,AG,August,11,72,CONROL OR RAIN???,,,1.06,0.17,,0.54,,0.89,
48,AG,August,12,72,CONROL OR RAIN???,,,1.34,0.17,,0.61,,1.17,
49,MSM,September,1,24,CONROL OR RAIN???,,,1.43,0.45,,0.12,,0.99,
50,MSM,September,2,24,CONROL OR RAIN???,,,1.19,0.5,,2.39,,0.69,
51,MSM,September,3,24,CONROL OR RAIN???,,,0.7,0.05,,1.47,,0.64,
52,MSM,September,4,24,CONROL OR RAIN???,,,1.19,0.2,,0.34,,0.99,
53,MSM,September,5,24,CONROL OR RAIN???,,,1.19,0.64,,5.87,,0.56,
54,MSM,September,6,24,CONROL OR RAIN???,,,1.25,0.45,,0.11,,0.79,
55,MSM,September,7,24,CONROL OR RAIN???,,,0.53,0.08,,0.23,,0.45,
56,MSM,September,8,24,CONROL OR RAIN???,,,NA,NA,,NA,,NA,
57,MSM,September,9,24,CONROL OR RAIN???,,,0.48,0.1,,1.15,,0.38,
58,MSM,September,10,24,CONROL OR RAIN???,,,1.59,0.93,,6.12,,0.66,
59,MSM,September,11,24,CONROL OR RAIN???,,,0.89,0.39,,1.19,,0.49,
60,MSM,September,12,24,CONROL OR RAIN???,,,1.17,0.34,,3.29,,0.84,
61,MSM,September,1,72,CONROL OR RAIN???,,,1.85,0.59,,0.04,,1.26,
62,MSM,September,2,72,CONROL OR RAIN???,,,1.4,0.46,,2.33,,0.94,
63,MSM,September,3,72,CONROL OR RAIN???,,,0.64,0.1,,1.13,,0.54,
64,MSM,September,4,72,CONROL OR RAIN???,,,1.26,0.32,,0.03,,0.94,
65,MSM,September,5,72,CONROL OR RAIN???,,,2.22,0.88,,2.37,,1.34,
66,MSM,September,6,72,CONROL OR RAIN???,,,2.3,1.08,,1.74,,1.22,
67,MSM,September,7,72,CONROL OR RAIN???,,,1.26,0.31,,0.07,,0.96,
68,MSM,September,8,72,CONROL OR RAIN???,,,NA,NA,,NA,,NA,
69,MSM,September,9,72,CONROL OR RAIN???,,,1.06,0.19,,1.44,,0.86,
70,MSM,September,10,72,CONROL OR RAIN???,,,1.15,0.54,,0.06,,0.61,
71,MSM,September,11,72,CONROL OR RAIN???,,,0.8,0.14,,1.49,,0.66,
72,MSM,September,12,72,CONROL OR RAIN???,,,1.03,0.62,,3.51,,0.41,
73,AG,September,1,24,CONROL OR RAIN???,,,0.87,0.66,,4.88,,0.22,
74,AG,September,2,24,CONROL OR RAIN???,,,0.93,0.06,,1.13,,0.88,
75,AG,September,3,24,CONROL OR RAIN???,,,0.65,0.1,,3.09,,0.55,
76,AG,September,4,24,CONROL OR RAIN???,,,0.83,0.07,,0.9,,0.76,
77,AG,September,5,24,CONROL OR RAIN???,,,0.98,0.38,,0.68,,0.6,
78,AG,September,6,24,CONROL OR RAIN???,,,1.23,0.46,,3.81,,0.77,
79,AG,September,7,24,CONROL OR RAIN???,,,1.25,0.53,,1.02,,0.73,
80,AG,September,8,24,CONROL OR RAIN???,,,0.91,0.52,,1.93,,0.4,
81,AG,September,9,24,CONROL OR RAIN???,,,0.84,0.18,,2.04,,0.66,
82,AG,September,10,24,CONROL OR RAIN???,,,0.87,0.55,,2.54,,0.32,
83,AG,September,11,24,CONROL OR RAIN???,,,1.2,0.44,,0.69,,0.76,
84,AG,September,12,24,CONROL OR RAIN???,,,1.16,0.57,,2.14,,0.59,
85,AG,September,1,72,CONROL OR RAIN???,,,1.2,0.51,,4.96,,0.69,
86,AG,September,2,72,CONROL OR RAIN???,,,0.86,0.03,,1.14,,0.82,
87,AG,September,3,72,CONROL OR RAIN???,,,0.9,0.19,,0.55,,0.71,
88,AG,September,4,72,CONROL OR RAIN???,,,1.36,0.12,,0.59,,1.24,
89,AG,September,5,72,CONROL OR RAIN???,,,1.09,0.14,,0.81,,0.96,
90,AG,September,6,72,CONROL OR RAIN???,,,0.71,0.18,,2.17,,0.53,
91,AG,September,7,72,CONROL OR RAIN???,,,1.33,0.46,,0.71,,0.87,
92,AG,September,8,72,CONROL OR RAIN???,,,1.33,0.34,,2.22,,0.98,
93,AG,September,9,72,CONROL OR RAIN???,,,0.96,0.36,,0.8,,0.61,
94,AG,September,10,72,CONROL OR RAIN???,,,0.61,0.35,,2.03,,0.26,
95,AG,September,11,72,CONROL OR RAIN???,,,0.88,0.36,,0.39,,0.52,
96,AG,September,12,72,CONROL OR RAIN???,,,9.96,0.43,,0.96,,9.53,
97,MSM,October,1,24,CONROL OR RAIN???,,,1.04,0.73,,0.37,,0.31,
98,MSM,October,2,24,CONROL OR RAIN???,,,0.9,0.68,,1.14,,0.21,
99,MSM,October,3,24,CONROL OR RAIN???,,,0.35,0.03,,0.43,,0.32,
100,MSM,October,4,24,CONROL OR RAIN???,,,0.75,0.61,,1.19,,0.15,
101,MSM,October,5,24,CONROL OR RAIN???,,,1.35,0.75,,1.4,,0.6,
102,MSM,October,6,24,CONROL OR RAIN???,,,1.47,1.1,,2.84,,0.37,
103,MSM,October,7,24,CONROL OR RAIN???,,,0.28,0.03,,0.6,,0.24,
104,MSM,October,8,24,CONROL OR RAIN???,,,NA,NA,,NA,,NA,
105,MSM,October,9,24,CONROL OR RAIN???,,,0.42,0.06,,0.58,,0.36,
106,MSM,October,10,24,CONROL OR RAIN???,,,1.58,0.78,,0.42,,0.79,
107,MSM,October,11,24,CONROL OR RAIN???,,,1.12,0.72,,0.83,,0.4,
108,MSM,October,12,24,CONROL OR RAIN???,,,0.62,0.1,,1.44,,0.51,
109,MSM,October,1,72,CONROL OR RAIN???,,,1.38,0.47,,0.66,,0.92,
110,MSM,October,2,72,CONROL OR RAIN???,,,1.37,0.06,,5.84,,1.3,
111,MSM,October,3,72,CONROL OR RAIN???,,,1.24,0.05,,2.19,,1.19,
112,MSM,October,4,72,CONROL OR RAIN???,,,1.24,0.14,,2.6,,1.1,
113,MSM,October,5,72,CONROL OR RAIN???,,,1.34,0.67,,4.01,,0.67,
114,MSM,October,6,72,CONROL OR RAIN???,,,1.26,0.51,,4.09,,0.76,
115,MSM,October,7,72,CONROL OR RAIN???,,,0.64,0.05,,1.5,,0.59,
116,MSM,October,8,72,CONROL OR RAIN???,,,NA,NA,,NA,,NA,
117,MSM,October,9,72,CONROL OR RAIN???,,,1.51,0.42,,0.75,,1.08,
118,MSM,October,10,72,CONROL OR RAIN???,,,0.75,0.03,,0.94,,0.72,
119,MSM,October,11,72,CONROL OR RAIN???,,,0.76,0.25,,2.2,,0.5,
120,MSM,October,12,72,CONROL OR RAIN???,,,0.92,0.07,,1.59,,0.85,
121,AG,October,1,24,CONROL OR RAIN???,,,0.68,0.32,,0.97,,0.36,
122,AG,October,2,24,CONROL OR RAIN???,,,0.79,0.06,,0.41,,0.73,
123,AG,October,3,24,CONROL OR RAIN???,,,0.8,0.07,,0.72,,0.73,
124,AG,October,4,24,CONROL OR RAIN???,,,1.11,0.05,,0.2,,1.06,
125,AG,October,5,24,CONROL OR RAIN???,,,0.88,0.26,,0.44,,0.62,
126,AG,October,6,24,CONROL OR RAIN???,,,0.98,0.35,,1.51,,0.63,
127,AG,October,7,24,CONROL OR RAIN???,,,0.95,0.32,,0.39,,0.63,
128,AG,October,8,24,CONROL OR RAIN???,,,1.03,0.3,,0.39,,0.74,
129,AG,October,9,24,CONROL OR RAIN???,,,1,0.08,,1.02,,0.92,
130,AG,October,10,24,CONROL OR RAIN???,,,0.71,0.33,,0.85,,0.38,
131,AG,October,11,24,CONROL OR RAIN???,,,0.91,0.3,,0.41,,0.61,
132,AG,October,12,24,CONROL OR RAIN???,,,0.83,0.27,,0.58,,0.57,
133,AG,October,1,72,CONROL OR RAIN???,,,1.12,0.15,,2.47,,0.98,
134,AG,October,2,72,CONROL OR RAIN???,,,1.06,0.04,,0.86,,1.02,
135,AG,October,3,72,CONROL OR RAIN???,,,0.85,0.04,,0.85,,0.81,
136,AG,October,4,72,CONROL OR RAIN???,,,1.06,0.05,,0.57,,1,
137,AG,October,5,72,CONROL OR RAIN???,,,0.87,0.09,,1.39,,0.78,
138,AG,October,6,72,CONROL OR RAIN???,,,0.87,0.09,,2.61,,0.79,
139,AG,October,7,72,CONROL OR RAIN???,,,1.15,0.16,,0.98,,0.99,
140,AG,October,8,72,CONROL OR RAIN???,,,0.97,0.16,,1.48,,0.81,
141,AG,October,9,72,CONROL OR RAIN???,,,0.95,0.12,,1.6,,0.83,
142,AG,October,10,72,CONROL OR RAIN???,,,1.05,0.17,,1.43,,0.88,
143,AG,October,11,72,CONROL OR RAIN???,,,1.37,0.15,,0.88,,1.22,
144,AG,October,12,72,CONROL OR RAIN???,,,1.02,0.26,,1.86,,0.76,
145,MSM,November,1,24,CONROL OR RAIN???,,,0.3,0.75,,0.9,,0,
146,MSM,November,2,24,CONROL OR RAIN???,,,0.29,0.75,,1.49,,0,
147,MSM,November,3,24,CONROL OR RAIN???,,,0.09,0.03,,1.56,,0.06,
148,MSM,November,4,24,CONROL OR RAIN???,,,0.25,0.66,,1.25,,0,
149,MSM,November,5,24,CONROL OR RAIN???,,,0.31,0.64,,0.95,,0,
150,MSM,November,6,24,CONROL OR RAIN???,,,0.29,0.62,,0.17,,0,
151,MSM,November,7,24,CONROL OR RAIN???,,,0.11,0.02,,0.88,,0.09,
152,MSM,November,8,24,CONROL OR RAIN???,,,NA,NA,,NA,,NA,
153,MSM,November,9,24,CONROL OR RAIN???,,,0.18,0.03,,0.68,,0.14,
154,MSM,November,10,24,CONROL OR RAIN???,,,0.39,0.77,,1.08,,0,
155,MSM,November,11,24,CONROL OR RAIN???,,,0.3,0.68,,1.72,,0,
156,MSM,November,12,24,CONROL OR RAIN???,,,0.11,0.05,,1.12,,0.06,
157,MSM,November,1,72,CONROL OR RAIN???,,,0.38,0.38,,3.56,,0,
158,MSM,November,2,72,CONROL OR RAIN???,,,0.24,0.04,,9.28,,0.2,
159,MSM,November,3,72,CONROL OR RAIN???,,,0.13,0.04,,2.31,,0.09,
160,MSM,November,4,72,CONROL OR RAIN???,,,0.34,0.38,,3.24,,0,
161,MSM,November,5,72,CONROL OR RAIN???,,,0.29,0.56,,2.86,,0,
162,MSM,November,6,72,CONROL OR RAIN???,,,0.29,0.23,,0.22,,0.06,
163,MSM,November,7,72,CONROL OR RAIN???,,,0.33,0.01,,1.92,,0.32,
164,MSM,November,8,72,CONROL OR RAIN???,,,NA,NA,,NA,,NA,
165,MSM,November,9,72,CONROL OR RAIN???,,,0.2,0.02,,1.07,,0.18,
166,MSM,November,10,72,CONROL OR RAIN???,,,0.26,0.51,,1.32,,0,
167,MSM,November,11,72,CONROL OR RAIN???,,,0.28,0.32,,1.7,,0,
168,MSM,November,12,72,CONROL OR RAIN???,,,0.25,0.04,,1.82,,0.21,
169,AG,November,1,24,CONROL OR RAIN???,,,0.5,0.74,,1.06,,0,
170,AG,November,2,24,CONROL OR RAIN???,,,0.12,0.02,,0.48,,0.1,
171,AG,November,3,24,CONROL OR RAIN???,,,0.11,0.03,,0.35,,0.08,
172,AG,November,4,24,CONROL OR RAIN???,,,0.2,0.01,,0.23,,0.19,
173,AG,November,5,24,CONROL OR RAIN???,,,0.51,0.63,,0.56,,0,
174,AG,November,6,24,CONROL OR RAIN???,,,0.35,0.78,,1.23,,0,
175,AG,November,7,24,CONROL OR RAIN???,,,0.34,0.75,,0.93,,0,
176,AG,November,8,24,CONROL OR RAIN???,,,0.41,0.78,,0.54,,0,
177,AG,November,9,24,CONROL OR RAIN???,,,0.24,0.04,,0.21,,0.2,
178,AG,November,10,24,CONROL OR RAIN???,,,0.43,0.82,,1.04,,0,
179,AG,November,11,24,CONROL OR RAIN???,,,0.31,0.74,,1.24,,0,
180,AG,November,12,24,CONROL OR RAIN???,,,0.32,0.78,,0.83,,0,
181,AG,November,1,72,CONROL OR RAIN???,,,0.25,0.56,,2.66,,0,
182,AG,November,2,72,CONROL OR RAIN???,,,0.17,0.03,,1.63,,0.14,
183,AG,November,3,72,CONROL OR RAIN???,,,0.16,0.03,,1.07,,0.13,
184,AG,November,4,72,CONROL OR RAIN???,,,0.15,0.02,,1.02,,0.13,
185,AG,November,5,72,CONROL OR RAIN???,,,0.25,0.49,,1.97,,0,
186,AG,November,6,72,CONROL OR RAIN???,,,0.23,0.54,,1.77,,0,
187,AG,November,7,72,CONROL OR RAIN???,,,0.28,0.62,,1.47,,0,
188,AG,November,8,72,CONROL OR RAIN???,,,0.25,0.65,,1.54,,0,
189,AG,November,9,72,CONROL OR RAIN???,,,0.14,0.04,,0.87,,0.1,
190,AG,November,10,72,CONROL OR RAIN???,,,0.27,0.62,,1.91,,0,
191,AG,November,11,72,CONROL OR RAIN???,,,0.27,0.58,,2.33,,0,
192,AG,November,12,72,CONROL OR RAIN???,,,0.24,0.63,,2.42,,0,
193,MSM,December,1,24,CONROL OR RAIN???,,,0.32,0.92,,0.52,,0,
194,MSM,December,2,24,CONROL OR RAIN???,,,0.41,0.93,,0.41,,0,
195,MSM,December,3,24,CONROL OR RAIN???,,,0.12,0.07,,0.51,,0.05,
196,MSM,December,4,24,CONROL OR RAIN???,,,0.34,0.99,,0.69,,0,
197,MSM,December,5,24,CONROL OR RAIN???,,,0.36,0.88,,0.38,,0,
198,MSM,December,6,24,CONROL OR RAIN???,,,0.6,1.04,,0.59,,0,
199,MSM,December,7,24,CONROL OR RAIN???,,,0.15,0.01,,0.23,,0.13,
200,MSM,December,8,24,CONROL OR RAIN???,,,NA,NA,,NA,,NA,
201,MSM,December,9,24,CONROL OR RAIN???,,,0.46,0.01,,0.36,,0.44,
202,MSM,December,10,24,CONROL OR RAIN???,,,0.29,1.03,,0.59,,0,
203,MSM,December,11,24,CONROL OR RAIN???,,,0.69,0.86,,0.87,,0,
204,MSM,December,12,24,CONROL OR RAIN???,,,0.44,0.04,,0.44,,0.41,
205,MSM,December,1,72,CONROL OR RAIN???,,,0.53,1.03,,1.32,,0,
206,MSM,December,2,72,CONROL OR RAIN???,,,0.41,0.93,,1.67,,0,
207,MSM,December,3,72,CONROL OR RAIN???,,,0.19,0.05,,1.45,,0.14,
208,MSM,December,4,72,CONROL OR RAIN???,,,0.44,0.99,,1.16,,0,
209,MSM,December,5,72,CONROL OR RAIN???,,,0.38,1,,1.22,,0,
210,MSM,December,6,72,CONROL OR RAIN???,,,0.52,0.91,,0.78,,0,
211,MSM,December,7,72,CONROL OR RAIN???,,,0.13,0.02,,0.77,,0.11,
212,MSM,December,8,72,CONROL OR RAIN???,,,NA,NA,,NA,,NA,
213,MSM,December,9,72,CONROL OR RAIN???,,,0.23,0.04,,0.71,,0.19,
214,MSM,December,10,72,CONROL OR RAIN???,,,0.46,0.97,,0.88,,0,
215,MSM,December,11,72,CONROL OR RAIN???,,,0.54,0.89,,1.17,,0,
216,MSM,December,12,72,CONROL OR RAIN???,,,0.34,0.05,,0.83,,0.29,
217,AG,December,1,24,CONROL OR RAIN???,,,0.27,0.54,,0.38,,0,
218,AG,December,2,24,CONROL OR RAIN???,,,0.17,0.03,,0.26,,0.14,
219,AG,December,3,24,CONROL OR RAIN???,,,0.2,0.03,,0.17,,0.17,
220,AG,December,4,24,CONROL OR RAIN???,,,0.16,0.05,,0.18,,0.12,
221,AG,December,5,24,CONROL OR RAIN???,,,0.2,0.64,,0.69,,0,
222,AG,December,6,24,CONROL OR RAIN???,,,0.29,0.56,,0.45,,0,
223,AG,December,7,24,CONROL OR RAIN???,,,0.28,0.59,,0.42,,0,
224,AG,December,8,24,CONROL OR RAIN???,,,0.41,0.59,,0.4,,0,
225,AG,December,9,24,CONROL OR RAIN???,,,0.31,0.05,,0.18,,0.27,
226,AG,December,10,24,CONROL OR RAIN???,,,0.36,0.6,,0.58,,0,
227,AG,December,11,24,CONROL OR RAIN???,,,0.25,0.59,,0.4,,0,
228,AG,December,12,24,CONROL OR RAIN???,,,0.36,0.58,,0.66,,0,
229,AG,December,1,72,CONROL OR RAIN???,,,0.32,0.5,,0.84,,0,
230,AG,December,2,72,CONROL OR RAIN???,,,0.29,0.03,,0.48,,0.26,
231,AG,December,3,72,CONROL OR RAIN???,,,0.31,0.03,,0.31,,0.28,
232,AG,December,4,72,CONROL OR RAIN???,,,0.3,0.04,,0.43,,0.27,
233,AG,December,5,72,CONROL OR RAIN???,,,0.2,0.57,,1.07,,0,
234,AG,December,6,72,CONROL OR RAIN???,,,0.46,0.51,,0.93,,0,
235,AG,December,7,72,CONROL OR RAIN???,,,0.21,0.53,,0.58,,0,
236,AG,December,8,72,CONROL OR RAIN???,,,0.29,0.53,,0.68,,0,
237,AG,December,9,72,CONROL OR RAIN???,,,0.24,0.05,,0.28,,0.19,
238,AG,December,10,72,CONROL OR RAIN???,,,0.34,0.53,,0.76,,0,
239,AG,December,11,72,CONROL OR RAIN???,,,0.44,0.53,,0.82,,0,
240,AG,December,12,72,CONROL OR RAIN???,,,0.28,0.54,,1,,0,
241,MSM,January,1,24,CONROL OR RAIN???,,,0.68,1.64,,1.43,,0,
242,MSM,January,2,24,CONROL OR RAIN???,,,0.54,1.24,,0.77,,0,
243,MSM,January,3,24,CONROL OR RAIN???,,,0.32,0.36,,0.37,,0,
244,MSM,January,4,24,CONROL OR RAIN???,,,0.61,1.61,,0.74,,0,
245,MSM,January,5,24,CONROL OR RAIN???,,,0.64,1.54,,0.59,,0,
246,MSM,January,6,24,CONROL OR RAIN???,,,0.71,1.83,,0.55,,0,
247,MSM,January,7,24,CONROL OR RAIN???,,,0.36,0.5,,0.58,,0,
248,MSM,January,8,24,CONROL OR RAIN???,,,NA,NA,,NA,,NA,
249,MSM,January,9,24,CONROL OR RAIN???,,,0.28,0.13,,0.09,,0.15,
250,MSM,January,10,24,CONROL OR RAIN???,,,NA,NA,,NA,,NA,
251,MSM,January,11,24,CONROL OR RAIN???,,,0.46,0.87,,0.4,,0,
252,MSM,January,12,24,CONROL OR RAIN???,,,0.54,1,,0.39,,0,
253,MSM,January,1,72,CONROL OR RAIN???,,,0.8,2.54,,1.86,,0,
254,MSM,January,2,72,CONROL OR RAIN???,,,0.71,1.64,,0.75,,0,
255,MSM,January,3,72,CONROL OR RAIN???,,,0.58,1,,0.37,,0,
256,MSM,January,4,72,CONROL OR RAIN???,,,0.84,2.82,,0.63,,0,
257,MSM,January,5,72,CONROL OR RAIN???,,,0.86,2.33,,0.34,,0,
258,MSM,January,6,72,CONROL OR RAIN???,,,1.02,3.23,,0.33,,0,
259,MSM,January,7,72,CONROL OR RAIN???,,,0.59,1.34,,0.63,,0,
260,MSM,January,8,24,CONROL OR RAIN???,,,NA,NA,,NA,,NA,
261,MSM,January,9,72,CONROL OR RAIN???,,,NA,NA,,NA,,NA,
262,MSM,January,10,72,CONROL OR RAIN???,,,NA,NA,,NA,,NA,
263,MSM,January,11,72,CONROL OR RAIN???,,,0.59,1.41,,0.94,,0,
264,MSM,January,12,72,CONROL OR RAIN???,,,0.92,2.3,,0.25,,0,
265,AG,January,1,24,CONROL OR RAIN???,,,NA,NA,,NA,,NA,
266,AG,January,2,24,CONROL OR RAIN???,,,0.15,0.14,,0.19,,0.02,
267,AG,January,3,24,CONROL OR RAIN???,,,0.26,0.08,,0.09,,0.18,
268,AG,January,4,24,CONROL OR RAIN???,,,0.21,0.16,,0.21,,0.05,
269,AG,January,5,24,CONROL OR RAIN???,,,0.12,0.09,,0.06,,0.03,
270,AG,January,6,24,CONROL OR RAIN???,,,0.17,0.34,,0.38,,0,
271,AG,January,7,24,CONROL OR RAIN???,,,0.16,0.31,,0.31,,0,
272,AG,January,8,24,CONROL OR RAIN???,,,0.29,0.37,,0.35,,0,
273,AG,January,9,24,CONROL OR RAIN???,,,0.11,0.08,,0.05,,0.03,
274,AG,January,10,24,CONROL OR RAIN???,,,0.15,0.25,,0.22,,0,
275,AG,January,11,24,CONROL OR RAIN???,,,0.24,0.36,,0.51,,0,
276,AG,January,12,24,CONROL OR RAIN???,,,0.21,0.31,,0.29,,0,
277,AG,January,1,72,CONROL OR RAIN???,,,NA,NA,,NA,,NA,
278,AG,January,2,72,CONROL OR RAIN???,,,0.15,0.26,,0.65,,0,
279,AG,January,3,72,CONROL OR RAIN???,,,0.17,0.1,,0.32,,0.07,
280,AG,January,4,72,CONROL OR RAIN???,,,0.14,0.11,,0.53,,0.03,
281,AG,January,5,72,CONROL OR RAIN???,,,0.12,0.08,,0.2,,0.03,
282,AG,January,6,72,CONROL OR RAIN???,,,0.15,0.16,,0.45,,0,
283,AG,January,7,72,CONROL OR RAIN???,,,0.21,0.26,,0.39,,0,
284,AG,January,8,72,CONROL OR RAIN???,,,0.23,0.27,,0.61,,0,
285,AG,January,9,72,CONROL OR RAIN???,,,0.24,0.08,,0.13,,0.15,
286,AG,January,10,72,CONROL OR RAIN???,,,0.26,0.26,,0.46,,0,
287,AG,January,11,72,CONROL OR RAIN???,,,0.24,0.26,,0.55,,0,
288,AG,January,12,72,CONROL OR RAIN???,,,0.22,0.27,,0.45,,0,
